{"cameraMode":{"drawMode":0,"name":"Shaded","section":"Shading Mode"},"sceneLighting":false,"audioPlay":false,"sceneViewState":{"showFog":true,"showMaterialUpdate":false,"showSkybox":true,"showFlares":true,"showImageEffects":true,"showParticleSystems":true},"in2DMode":false,"pivot":{"x":-16.89322853088379,"y":28.31972885131836,"z":-19.06891441345215},"rotation":{"x":-0.13504597544670106,"y":-0.8630446791648865,"z":-0.373672217130661,"w":0.3119063377380371},"size":45.089317321777347,"orthographic":false}