{"cameraMode":{"drawMode":0,"name":"Shaded","section":"Shading Mode"},"sceneLighting":true,"audioPlay":false,"sceneViewState":{"showFog":true,"showMaterialUpdate":false,"showSkybox":true,"showFlares":true,"showImageEffects":true,"showParticleSystems":true},"in2DMode":false,"pivot":{"x":-4.615400791168213,"y":-0.7833247184753418,"z":-5.547268867492676},"rotation":{"x":0.21067063510417939,"y":-0.33097726106643679,"z":0.07606574892997742,"w":0.9166711568832398},"size":27.113967895507814,"orthographic":false}