{"cameraMode":{"drawMode":0,"name":"Shaded","section":"Shading Mode"},"sceneLighting":false,"audioPlay":false,"sceneViewState":{"showFog":true,"showMaterialUpdate":false,"showSkybox":true,"showFlares":true,"showImageEffects":true,"showParticleSystems":true},"in2DMode":false,"pivot":{"x":-0.22044625878334046,"y":0.689235270023346,"z":1.796216368675232},"rotation":{"x":0.324951171875,"y":0.17314225435256959,"z":-0.06064332276582718,"w":0.9277666807174683},"size":4.357883930206299,"orthographic":false}